Flow ID,Source IP,Source Port,Destination IP,Destination Port,Protocol,Timestamp,Flow Duration,Total Fwd Packets,Total Backward Packets,Total Length of Fwd Packets,Total Length of Bwd Packets,Fwd Packet Length Mean,Fwd Packet Length Std,Fwd Packet Length Max,Fwd Packet Length Min,Bwd Packet Length Mean,Bwd Packet Length Std,Bwd Packet Length Max,Bwd Packet Length Min,Flow Bytes/s,Flow Packets/s,Flow IAT Mean,Flow IAT Std,Flow IAT Max,Flow IAT Min,Fwd IAT Total,Fwd IAT Mean,Fwd IAT Std,Fwd IAT Max,Fwd IAT Min,Bwd IAT Total,Bwd IAT Mean,Bwd IAT Std,Bwd IAT Max,Bwd IAT Min
0,172.22.66.9,59002,172.22.66.22,102,TCP,2024-05-31 12:00:14.851533,0 days 00:00:38.933099,1006,1006,100327,137097.0,99.72862823061631,55.05763215356085,178,61,136.279324055666,70.30281357358456,230.0,60.0,6098.255882481895,51.67839323553463,0 days 00:00:00.019360,0 days 00:00:00.043308,0 days 00:00:00.765092,0 days 00:00:00.000002,0 days 00:00:38.933099,0 days 00:00:00.038739,0 days 00:00:00.056142,0 days 00:00:00.765092,0 days 00:00:00.001135,0 days 00:00:38.932871,0 days 00:00:00.038739,0 days 00:00:00.055008,0 days 00:00:00.765407,0 days 00:00:00.001460
1,172.22.66.10,137,172.22.66.255,137,UDP,2024-05-31 12:00:14.944409,0 days 00:00:37.161238,192,0,17664,0.0,92.0,0.0,92,92,,,,,475.33400259700716,5.166673941271817,0 days 00:00:00.194561,0 days 00:00:00.739071,0 days 00:00:05.089858,0 days 00:00:00.000002,0 days 00:00:37.161238,0 days 00:00:00.194561,0 days 00:00:00.739071,0 days 00:00:05.089858,0 days 00:00:00.000002,,,,,
2,172.22.66.23,65175,172.22.66.21,102,TCP,2024-05-31 12:00:15.020043,1 days 00:29:19.520403,312,468,30498,36894.0,97.75,35.94005425705421,157,60,78.83333333333333,19.573933914491715,103.0,60.0,0.7644324707295788,0.008847598040851607,0 days 00:01:53.170116,0 days 00:52:35.226424,1 days 00:28:40.800662,0 days 00:00:00,1 days 00:29:19.517600,0 days 00:04:43.471117,0 days 01:23:08.825208,1 days 00:28:40.802860,0 days 00:00:00,1 days 00:29:19.519722,0 days 00:03:08.778414,0 days 01:07:53.372275,1 days 00:28:40.800662,0 days 00:00:00
3,172.22.66.22,102,172.22.66.9,59001,TCP,2024-05-31 12:00:15.071836,0 days 00:00:38.700671,99,51,11268,3111.0,113.81818181818181,58.25620245061415,180,60,61.0,0.0,61.0,61.0,371.54394558171873,3.8759017899198698,0 days 00:00:00.259736,0 days 00:00:00.299107,0 days 00:00:01.366698,0 days 00:00:00.000237,0 days 00:00:38.700346,0 days 00:00:00.394901,0 days 00:00:00.287582,0 days 00:00:01.366698,0 days 00:00:00.027770,0 days 00:00:38.700226,0 days 00:00:00.774004,0 days 00:00:00.275594,0 days 00:00:01.539757,0 days 00:00:00.039277
4,172.22.66.21,102,172.22.66.22,62718,TCP,2024-05-31 12:00:15.103149,1 days 00:29:19.204460,540,346,42794,31850.0,79.24814814814815,19.909273297569438,103,60,92.05202312138728,26.14836855308386,137.0,60.0,0.8466954807182706,0.010049999945292157,0 days 00:01:39.614920,0 days 00:49:20.472864,1 days 00:28:40.801120,0 days 00:00:00,1 days 00:29:19.204460,0 days 00:02:43.560676,0 days 01:03:12.105906,1 days 00:28:40.801120,0 days 00:00:00,1 days 00:29:19.202856,0 days 00:04:15.533921,0 days 01:18:57.377789,1 days 00:28:40.802456,0 days 00:00:00.000001
5,172.22.66.24,49152,172.22.66.21,102,TCP,2024-05-31 12:00:15.128042,1 days 00:29:19.293319,388,388,35890,28518.0,92.5,32.5,125,60,73.5,13.5,87.0,60.0,0.7305866185535638,0.008802248416307997,0 days 00:01:53.753926,0 days 00:52:43.351019,1 days 00:28:40.885427,0 days 00:00:00,1 days 00:29:19.293319,0 days 00:03:47.801791,0 days 01:14:33.640171,1 days 00:28:40.885427,0 days 00:00:00,1 days 00:29:19.292127,0 days 00:03:47.801788,0 days 01:14:33.640229,1 days 00:28:40.886567,0 days 00:00:00.000001
6,172.22.66.50,63784,172.22.66.22,502,TCP,2024-05-31 12:00:15.364185,0 days 00:00:38.064486,116,78,8247,5187.0,71.09482758620689,11.580288282007983,87,60,66.5,0.5,67.0,66.0,352.92739799507603,5.096614203591242,0 days 00:00:00.197225,0 days 00:00:00.369106,0 days 00:00:00.988196,0 days 00:00:00.002535,0 days 00:00:38.064486,0 days 00:00:00.330995,0 days 00:00:00.429584,0 days 00:00:00.991540,0 days 00:00:00.005904,0 days 00:00:38.008035,0 days 00:00:00.493610,0 days 00:00:00.490737,0 days 00:00:01.001162,0 days 00:00:00.006236
7,172.22.66.10,50196,224.0.0.252,5355,UDP,2024-05-31 12:00:15.609569,0 days 00:00:00.409583,2,0,132,0.0,66.0,0.0,66,66,,,,,322.27900083743714,4.883015164203592,0 days 00:00:00.409583,0 days 00:00:00,0 days 00:00:00.409583,0 days 00:00:00.409583,0 days 00:00:00.409583,0 days 00:00:00.409583,0 days 00:00:00,0 days 00:00:00.409583,0 days 00:00:00.409583,,,,,
8,172.22.66.10,51435,224.0.0.252,5355,UDP,2024-05-31 12:00:15.609575,0 days 00:00:00.409598,2,0,132,0.0,66.0,0.0,66,66,,,,,322.2671985703055,4.8828363419743255,0 days 00:00:00.409598,0 days 00:00:00,0 days 00:00:00.409598,0 days 00:00:00.409598,0 days 00:00:00.409598,0 days 00:00:00.409598,0 days 00:00:00,0 days 00:00:00.409598,0 days 00:00:00.409598,,,,,
9,172.22.66.10,54136,224.0.0.252,5355,UDP,2024-05-31 12:00:15.609582,0 days 00:00:00.409584,2,0,132,0.0,66.0,0.0,66,66,,,,,322.2782139927341,4.883003242314153,0 days 00:00:00.409584,0 days 00:00:00,0 days 00:00:00.409584,0 days 00:00:00.409584,0 days 00:00:00.409584,0 days 00:00:00.409584,0 days 00:00:00,0 days 00:00:00.409584,0 days 00:00:00.409584,,,,,
10,172.22.66.10,50263,224.0.0.252,5355,UDP,2024-05-31 12:00:15.609611,0 days 00:00:00.409565,2,0,132,0.0,66.0,0.0,66,66,,,,,322.293164699132,4.8832297681686665,0 days 00:00:00.409565,0 days 00:00:00,0 days 00:00:00.409565,0 days 00:00:00.409565,0 days 00:00:00.409565,0 days 00:00:00.409565,0 days 00:00:00,0 days 00:00:00.409565,0 days 00:00:00.409565,,,,,
11,172.22.66.10,64803,224.0.0.252,5355,UDP,2024-05-31 12:00:15.609810,0 days 00:00:00.409352,2,0,132,0.0,66.0,0.0,66,66,,,,,322.46086497684144,4.885770681467295,0 days 00:00:00.409352,0 days 00:00:00,0 days 00:00:00.409352,0 days 00:00:00.409352,0 days 00:00:00.409352,0 days 00:00:00.409352,0 days 00:00:00,0 days 00:00:00.409352,0 days 00:00:00.409352,,,,,
12,172.22.66.10,64248,224.0.0.252,5355,UDP,2024-05-31 12:00:15.609814,0 days 00:00:00.409355,2,0,132,0.0,66.0,0.0,66,66,,,,,322.4585017894004,4.885734875596976,0 days 00:00:00.409355,0 days 00:00:00,0 days 00:00:00.409355,0 days 00:00:00.409355,0 days 00:00:00.409355,0 days 00:00:00.409355,0 days 00:00:00,0 days 00:00:00.409355,0 days 00:00:00.409355,,,,,
13,172.22.66.10,65370,224.0.0.252,5355,UDP,2024-05-31 12:00:15.610267,0 days 00:00:00.409859,2,0,132,0.0,66.0,0.0,66,66,,,,,322.06197741174407,4.87972693048097,0 days 00:00:00.409859,0 days 00:00:00,0 days 00:00:00.409859,0 days 00:00:00.409859,0 days 00:00:00.409859,0 days 00:00:00.409859,0 days 00:00:00,0 days 00:00:00.409859,0 days 00:00:00.409859,,,,,
14,172.22.66.10,54197,224.0.0.252,5355,UDP,2024-05-31 12:00:15.610275,0 days 00:00:00.409854,2,0,132,0.0,66.0,0.0,66,66,,,,,322.0659063959361,4.879786460544486,0 days 00:00:00.409854,0 days 00:00:00,0 days 00:00:00.409854,0 days 00:00:00.409854,0 days 00:00:00.409854,0 days 00:00:00.409854,0 days 00:00:00,0 days 00:00:00.409854,0 days 00:00:00.409854,,,,,
15,172.22.66.10,64297,224.0.0.252,5355,UDP,2024-05-31 12:00:15.610538,0 days 00:00:00.409629,2,0,132,0.0,66.0,0.0,66,66,,,,,322.2428099573028,4.882466817534891,0 days 00:00:00.409629,0 days 00:00:00,0 days 00:00:00.409629,0 days 00:00:00.409629,0 days 00:00:00.409629,0 days 00:00:00.409629,0 days 00:00:00,0 days 00:00:00.409629,0 days 00:00:00.409629,,,,,
16,172.22.66.10,58295,224.0.0.252,5355,UDP,2024-05-31 12:00:15.610548,0 days 00:00:00.409575,2,0,132,0.0,66.0,0.0,66,66,,,,,322.28529573338216,4.883110541414881,0 days 00:00:00.409575,0 days 00:00:00,0 days 00:00:00.409575,0 days 00:00:00.409575,0 days 00:00:00.409575,0 days 00:00:00.409575,0 days 00:00:00,0 days 00:00:00.409575,0 days 00:00:00.409575,,,,,
17,172.22.66.10,51463,224.0.0.252,5355,UDP,2024-05-31 12:00:15.610552,0 days 00:00:00.409585,2,0,132,0.0,66.0,0.0,66,66,,,,,322.27742715187327,4.882991320482928,0 days 00:00:00.409585,0 days 00:00:00,0 days 00:00:00.409585,0 days 00:00:00.409585,0 days 00:00:00.409585,0 days 00:00:00.409585,0 days 00:00:00,0 days 00:00:00.409585,0 days 00:00:00.409585,,,,,
18,172.22.66.10,63413,224.0.0.252,5355,UDP,2024-05-31 12:00:15.610555,0 days 00:00:00.409579,2,0,132,0.0,66.0,0.0,66,66,,,,,322.28214825467126,4.883062852343504,0 days 00:00:00.409579,0 days 00:00:00,0 days 00:00:00.409579,0 days 00:00:00.409579,0 days 00:00:00.409579,0 days 00:00:00.409579,0 days 00:00:00,0 days 00:00:00.409579,0 days 00:00:00.409579,,,,,
19,172.22.66.10,50081,224.0.0.252,5355,UDP,2024-05-31 12:00:15.610765,0 days 00:00:00.409349,2,0,132,0.0,66.0,0.0,66,66,,,,,322.4632281989207,4.885806487862435,0 days 00:00:00.409349,0 days 00:00:00,0 days 00:00:00.409349,0 days 00:00:00.409349,0 days 00:00:00.409349,0 days 00:00:00.409349,0 days 00:00:00,0 days 00:00:00.409349,0 days 00:00:00.409349,,,,,
20,172.22.66.10,59102,224.0.0.252,5355,UDP,2024-05-31 12:00:15.611028,0 days 00:00:00.410090,2,0,132,0.0,66.0,0.0,66,66,,,,,321.8805628032871,4.876978224292229,0 days 00:00:00.410090,0 days 00:00:00,0 days 00:00:00.410090,0 days 00:00:00.410090,0 days 00:00:00.410090,0 days 00:00:00.410090,0 days 00:00:00,0 days 00:00:00.410090,0 days 00:00:00.410090,,,,,
21,172.22.66.10,61058,224.0.0.252,5355,UDP,2024-05-31 12:00:15.611348,0 days 00:00:00.409761,2,0,132,0.0,66.0,0.0,66,66,,,,,322.1390029797858,4.880893984542209,0 days 00:00:00.409761,0 days 00:00:00,0 days 00:00:00.409761,0 days 00:00:00.409761,0 days 00:00:00.409761,0 days 00:00:00.409761,0 days 00:00:00,0 days 00:00:00.409761,0 days 00:00:00.409761,,,,,
22,172.22.66.10,53670,224.0.0.252,5355,UDP,2024-05-31 12:00:15.611355,0 days 00:00:00.409770,2,0,132,0.0,66.0,0.0,66,66,,,,,322.13192766673984,4.880786782829392,0 days 00:00:00.409770,0 days 00:00:00,0 days 00:00:00.409770,0 days 00:00:00.409770,0 days 00:00:00.409770,0 days 00:00:00.409770,0 days 00:00:00,0 days 00:00:00.409770,0 days 00:00:00.409770,,,,,
23,172.22.66.10,63666,224.0.0.252,5355,UDP,2024-05-31 12:00:15.611678,0 days 00:00:00.409444,2,0,130,0.0,65.0,0.0,65,65,,,,,317.50373677474823,4.8846728734576645,0 days 00:00:00.409444,0 days 00:00:00,0 days 00:00:00.409444,0 days 00:00:00.409444,0 days 00:00:00.409444,0 days 00:00:00.409444,0 days 00:00:00,0 days 00:00:00.409444,0 days 00:00:00.409444,,,,,
24,172.22.66.10,64562,224.0.0.252,5355,UDP,2024-05-31 12:00:21.939087,0 days 00:00:00.410032,2,0,132,0.0,66.0,0.0,66,66,,,,,321.9260935731845,4.87766808444219,0 days 00:00:00.410032,0 days 00:00:00,0 days 00:00:00.410032,0 days 00:00:00.410032,0 days 00:00:00.410032,0 days 00:00:00.410032,0 days 00:00:00,0 days 00:00:00.410032,0 days 00:00:00.410032,,,,,
25,172.22.66.10,56680,224.0.0.252,5355,UDP,2024-05-31 12:00:21.939274,0 days 00:00:00.409841,2,0,132,0.0,66.0,0.0,66,66,,,,,322.07612220348864,4.879941245507404,0 days 00:00:00.409841,0 days 00:00:00,0 days 00:00:00.409841,0 days 00:00:00.409841,0 days 00:00:00.409841,0 days 00:00:00.409841,0 days 00:00:00,0 days 00:00:00.409841,0 days 00:00:00.409841,,,,,
26,172.22.66.10,64116,224.0.0.252,5355,UDP,2024-05-31 12:00:21.939505,0 days 00:00:00.409596,2,0,130,0.0,65.0,0.0,65,65,,,,,317.3859119717966,4.882860184181486,0 days 00:00:00.409596,0 days 00:00:00,0 days 00:00:00.409596,0 days 00:00:00.409596,0 days 00:00:00.409596,0 days 00:00:00.409596,0 days 00:00:00,0 days 00:00:00.409596,0 days 00:00:00.409596,,,,,
27,172.22.66.10,56803,224.0.0.252,5355,UDP,2024-05-31 12:00:21.939523,0 days 00:00:00.409582,2,0,132,0.0,66.0,0.0,66,66,,,,,322.2797876859823,4.883027086151247,0 days 00:00:00.409582,0 days 00:00:00,0 days 00:00:00.409582,0 days 00:00:00.409582,0 days 00:00:00.409582,0 days 00:00:00.409582,0 days 00:00:00,0 days 00:00:00.409582,0 days 00:00:00.409582,,,,,
28,172.22.66.10,60930,224.0.0.252,5355,UDP,2024-05-31 12:00:21.939527,0 days 00:00:00.409585,2,0,132,0.0,66.0,0.0,66,66,,,,,322.27742715187327,4.882991320482928,0 days 00:00:00.409585,0 days 00:00:00,0 days 00:00:00.409585,0 days 00:00:00.409585,0 days 00:00:00.409585,0 days 00:00:00.409585,0 days 00:00:00,0 days 00:00:00.409585,0 days 00:00:00.409585,,,,,
29,172.22.66.10,60990,224.0.0.252,5355,UDP,2024-05-31 12:00:21.939532,0 days 00:00:00.409554,2,0,132,0.0,66.0,0.0,66,66,,,,,322.3018210052887,4.883360924322556,0 days 00:00:00.409554,0 days 00:00:00,0 days 00:00:00.409554,0 days 00:00:00.409554,0 days 00:00:00.409554,0 days 00:00:00.409554,0 days 00:00:00,0 days 00:00:00.409554,0 days 00:00:00.409554,,,,,
30,172.22.66.10,54095,224.0.0.252,5355,UDP,2024-05-31 12:00:21.939795,0 days 00:00:00.409314,2,0,132,0.0,66.0,0.0,66,66,,,,,322.49080168281563,4.886224267921449,0 days 00:00:00.409314,0 days 00:00:00,0 days 00:00:00.409314,0 days 00:00:00.409314,0 days 00:00:00.409314,0 days 00:00:00.409314,0 days 00:00:00,0 days 00:00:00.409314,0 days 00:00:00.409314,,,,,
31,172.22.66.10,50286,172.22.66.23,102,TCP,2024-05-31 12:00:22.714999,0 days 00:00:00.009964,10,9,700,631.0,70.0,12.00833044182246,93,60,70.11111111111111,11.713661961283067,87.0,60.0,133580.89120835005,1906.86471296668,0 days 00:00:00.000553,0 days 00:00:00.001096,0 days 00:00:00.004759,0 days 00:00:00.000002,0 days 00:00:00.009061,0 days 00:00:00.001006,0 days 00:00:00.001455,0 days 00:00:00.004768,0 days 00:00:00.000002,0 days 00:00:00.009711,0 days 00:00:00.001213,0 days 00:00:00.001389,0 days 00:00:00.004769,0 days 00:00:00.000010
32,172.22.66.10,59835,224.0.0.252,5355,UDP,2024-05-31 12:00:24.355252,0 days 00:00:00.410299,2,0,132,0.0,66.0,0.0,66,66,,,,,321.7166017952761,4.874493966595092,0 days 00:00:00.410299,0 days 00:00:00,0 days 00:00:00.410299,0 days 00:00:00.410299,0 days 00:00:00.410299,0 days 00:00:00.410299,0 days 00:00:00,0 days 00:00:00.410299,0 days 00:00:00.410299,,,,,
33,172.22.66.10,53706,224.0.0.252,5355,UDP,2024-05-31 12:00:24.355258,0 days 00:00:00.410334,2,0,132,0.0,66.0,0.0,66,66,,,,,321.6891605375134,4.874078189962324,0 days 00:00:00.410334,0 days 00:00:00,0 days 00:00:00.410334,0 days 00:00:00.410334,0 days 00:00:00.410334,0 days 00:00:00.410334,0 days 00:00:00,0 days 00:00:00.410334,0 days 00:00:00.410334,,,,,
34,172.22.66.10,50841,224.0.0.252,5355,UDP,2024-05-31 12:00:24.355407,0 days 00:00:00.410156,2,0,132,0.0,66.0,0.0,66,66,,,,,321.82876759086787,4.876193448346482,0 days 00:00:00.410156,0 days 00:00:00,0 days 00:00:00.410156,0 days 00:00:00.410156,0 days 00:00:00.410156,0 days 00:00:00.410156,0 days 00:00:00,0 days 00:00:00.410156,0 days 00:00:00.410156,,,,,
35,172.22.66.10,60786,224.0.0.252,5355,UDP,2024-05-31 12:00:24.355421,0 days 00:00:00.410168,2,0,132,0.0,66.0,0.0,66,66,,,,,321.81935207037117,4.876050788945018,0 days 00:00:00.410168,0 days 00:00:00,0 days 00:00:00.410168,0 days 00:00:00.410168,0 days 00:00:00.410168,0 days 00:00:00.410168,0 days 00:00:00,0 days 00:00:00.410168,0 days 00:00:00.410168,,,,,
36,172.22.66.10,60087,224.0.0.252,5355,UDP,2024-05-31 12:00:24.355424,0 days 00:00:00.410132,2,0,132,0.0,66.0,0.0,66,66,,,,,321.8476002847864,4.8764787921937325,0 days 00:00:00.410132,0 days 00:00:00,0 days 00:00:00.410132,0 days 00:00:00.410132,0 days 00:00:00.410132,0 days 00:00:00.410132,0 days 00:00:00,0 days 00:00:00.410132,0 days 00:00:00.410132,,,,,
37,172.22.66.10,51715,224.0.0.252,5355,UDP,2024-05-31 12:00:24.355428,0 days 00:00:00.410132,2,0,132,0.0,66.0,0.0,66,66,,,,,321.8476002847864,4.8764787921937325,0 days 00:00:00.410132,0 days 00:00:00,0 days 00:00:00.410132,0 days 00:00:00.410132,0 days 00:00:00.410132,0 days 00:00:00.410132,0 days 00:00:00,0 days 00:00:00.410132,0 days 00:00:00.410132,,,,,
38,172.22.66.10,53542,224.0.0.252,5355,UDP,2024-05-31 12:00:24.355711,0 days 00:00:00.409843,2,0,132,0.0,66.0,0.0,66,66,,,,,322.07455049860556,4.879917431797054,0 days 00:00:00.409843,0 days 00:00:00,0 days 00:00:00.409843,0 days 00:00:00.409843,0 days 00:00:00.409843,0 days 00:00:00.409843,0 days 00:00:00,0 days 00:00:00.409843,0 days 00:00:00.409843,,,,,
39,172.22.66.10,61781,224.0.0.252,5355,UDP,2024-05-31 12:00:24.355716,0 days 00:00:00.409831,2,0,132,0.0,66.0,0.0,66,66,,,,,322.08398095800464,4.880060317545525,0 days 00:00:00.409831,0 days 00:00:00,0 days 00:00:00.409831,0 days 00:00:00.409831,0 days 00:00:00.409831,0 days 00:00:00.409831,0 days 00:00:00,0 days 00:00:00.409831,0 days 00:00:00.409831,,,,,
40,172.22.66.10,49537,224.0.0.252,5355,UDP,2024-05-31 12:00:24.355981,0 days 00:00:00.409584,2,0,132,0.0,66.0,0.0,66,66,,,,,322.2782139927341,4.883003242314153,0 days 00:00:00.409584,0 days 00:00:00,0 days 00:00:00.409584,0 days 00:00:00.409584,0 days 00:00:00.409584,0 days 00:00:00.409584,0 days 00:00:00,0 days 00:00:00.409584,0 days 00:00:00.409584,,,,,
41,172.22.66.10,52326,224.0.0.252,5355,UDP,2024-05-31 12:00:24.356197,0 days 00:00:00.409140,2,0,132,0.0,66.0,0.0,66,66,,,,,322.62795131250914,4.888302292613775,0 days 00:00:00.409140,0 days 00:00:00,0 days 00:00:00.409140,0 days 00:00:00.409140,0 days 00:00:00.409140,0 days 00:00:00.409140,0 days 00:00:00,0 days 00:00:00.409140,0 days 00:00:00.409140,,,,,
42,172.22.66.10,57595,224.0.0.252,5355,UDP,2024-05-31 12:00:24.356209,0 days 00:00:00.409326,2,0,132,0.0,66.0,0.0,66,66,,,,,322.48134738570235,4.88608102099549,0 days 00:00:00.409326,0 days 00:00:00,0 days 00:00:00.409326,0 days 00:00:00.409326,0 days 00:00:00.409326,0 days 00:00:00.409326,0 days 00:00:00,0 days 00:00:00.409326,0 days 00:00:00.409326,,,,,
43,172.22.66.10,49257,224.0.0.252,5355,UDP,2024-05-31 12:00:24.356212,0 days 00:00:00.409133,2,0,132,0.0,66.0,0.0,66,66,,,,,322.63347126728956,4.888385928292267,0 days 00:00:00.409133,0 days 00:00:00,0 days 00:00:00.409133,0 days 00:00:00.409133,0 days 00:00:00.409133,0 days 00:00:00.409133,0 days 00:00:00,0 days 00:00:00.409133,0 days 00:00:00.409133,,,,,
44,172.22.66.10,57500,224.0.0.252,5355,UDP,2024-05-31 12:00:24.356872,0 days 00:00:00.409638,2,0,132,0.0,66.0,0.0,66,66,,,,,322.2357300836348,4.88235954672174,0 days 00:00:00.409638,0 days 00:00:00,0 days 00:00:00.409638,0 days 00:00:00.409638,0 days 00:00:00.409638,0 days 00:00:00.409638,0 days 00:00:00,0 days 00:00:00.409638,0 days 00:00:00.409638,,,,,
45,172.22.66.10,58410,224.0.0.252,5355,UDP,2024-05-31 12:00:24.356885,0 days 00:00:00.409628,2,0,132,0.0,66.0,0.0,66,66,,,,,322.2435966291367,4.882478736805101,0 days 00:00:00.409628,0 days 00:00:00,0 days 00:00:00.409628,0 days 00:00:00.409628,0 days 00:00:00.409628,0 days 00:00:00.409628,0 days 00:00:00,0 days 00:00:00.409628,0 days 00:00:00.409628,,,,,
46,172.22.66.10,64378,224.0.0.252,5355,UDP,2024-05-31 12:00:24.356889,0 days 00:00:00.409609,2,0,132,0.0,66.0,0.0,66,66,,,,,322.25854412378635,4.882705213996763,0 days 00:00:00.409609,0 days 00:00:00,0 days 00:00:00.409609,0 days 00:00:00.409609,0 days 00:00:00.409609,0 days 00:00:00.409609,0 days 00:00:00,0 days 00:00:00.409609,0 days 00:00:00.409609,,,,,
47,172.22.66.10,55223,224.0.0.252,5355,UDP,2024-05-31 12:00:24.356892,0 days 00:00:00.409624,2,0,132,0.0,66.0,0.0,66,66,,,,,322.2467433548816,4.882526414467902,0 days 00:00:00.409624,0 days 00:00:00,0 days 00:00:00.409624,0 days 00:00:00.409624,0 days 00:00:00.409624,0 days 00:00:00.409624,0 days 00:00:00,0 days 00:00:00.409624,0 days 00:00:00.409624,,,,,
48,172.22.66.10,50100,224.0.0.252,5355,UDP,2024-05-31 12:00:24.357816,0 days 00:00:00.409664,2,0,130,0.0,65.0,0.0,65,65,,,,,317.3332291829402,4.882049679737541,0 days 00:00:00.409664,0 days 00:00:00,0 days 00:00:00.409664,0 days 00:00:00.409664,0 days 00:00:00.409664,0 days 00:00:00.409664,0 days 00:00:00,0 days 00:00:00.409664,0 days 00:00:00.409664,,,,,
49,172.22.66.10,55325,224.0.0.252,5355,UDP,2024-05-31 12:00:30.945538,0 days 00:00:00.409605,2,0,132,0.0,66.0,0.0,66,66,,,,,322.2616911414656,4.8827528960828115,0 days 00:00:00.409605,0 days 00:00:00,0 days 00:00:00.409605,0 days 00:00:00.409605,0 days 00:00:00.409605,0 days 00:00:00.409605,0 days 00:00:00,0 days 00:00:00.409605,0 days 00:00:00.409605,,,,,
50,172.22.66.10,53137,224.0.0.252,5355,UDP,2024-05-31 12:00:30.945552,0 days 00:00:00.409616,2,0,132,0.0,66.0,0.0,66,66,,,,,322.25303699074254,4.882621772587009,0 days 00:00:00.409616,0 days 00:00:00,0 days 00:00:00.409616,0 days 00:00:00.409616,0 days 00:00:00.409616,0 days 00:00:00.409616,0 days 00:00:00,0 days 00:00:00.409616,0 days 00:00:00.409616,,,,,
51,172.22.66.10,53605,224.0.0.252,5355,UDP,2024-05-31 12:00:30.945556,0 days 00:00:00.409609,2,0,132,0.0,66.0,0.0,66,66,,,,,322.25854412378635,4.882705213996763,0 days 00:00:00.409609,0 days 00:00:00,0 days 00:00:00.409609,0 days 00:00:00.409609,0 days 00:00:00.409609,0 days 00:00:00.409609,0 days 00:00:00,0 days 00:00:00.409609,0 days 00:00:00.409609,,,,,
52,172.22.66.10,50225,224.0.0.252,5355,UDP,2024-05-31 12:00:30.945560,0 days 00:00:00.409601,2,0,132,0.0,66.0,0.0,66,66,,,,,322.2648382206098,4.882800579100149,0 days 00:00:00.409601,0 days 00:00:00,0 days 00:00:00.409601,0 days 00:00:00.409601,0 days 00:00:00.409601,0 days 00:00:00.409601,0 days 00:00:00,0 days 00:00:00.409601,0 days 00:00:00.409601,,,,,
53,172.22.66.10,50282,224.0.0.252,5355,UDP,2024-05-31 12:00:30.945563,0 days 00:00:00.409609,2,0,132,0.0,66.0,0.0,66,66,,,,,322.25854412378635,4.882705213996763,0 days 00:00:00.409609,0 days 00:00:00,0 days 00:00:00.409609,0 days 00:00:00.409609,0 days 00:00:00.409609,0 days 00:00:00.409609,0 days 00:00:00,0 days 00:00:00.409609,0 days 00:00:00.409609,,,,,
54,172.22.66.10,56785,224.0.0.252,5355,UDP,2024-05-31 12:00:30.945567,0 days 00:00:00.409591,2,0,132,0.0,66.0,0.0,66,66,,,,,322.2727061873918,4.882919790718058,0 days 00:00:00.409591,0 days 00:00:00,0 days 00:00:00.409591,0 days 00:00:00.409591,0 days 00:00:00.409591,0 days 00:00:00.409591,0 days 00:00:00,0 days 00:00:00.409591,0 days 00:00:00.409591,,,,,
55,172.22.66.10,52005,224.0.0.252,5355,UDP,2024-05-31 12:00:30.946599,0 days 00:00:00.409505,2,0,130,0.0,65.0,0.0,65,65,,,,,317.4564413132929,4.883945250973737,0 days 00:00:00.409505,0 days 00:00:00,0 days 00:00:00.409505,0 days 00:00:00.409505,0 days 00:00:00.409505,0 days 00:00:00.409505,0 days 00:00:00,0 days 00:00:00.409505,0 days 00:00:00.409505,,,,,
56,172.22.66.10,50291,172.22.66.23,102,TCP,2024-05-31 12:00:31.460361,0 days 00:00:00.011411,10,9,700,631.0,70.0,12.00833044182246,93,60,70.11111111111111,11.713661961283067,87.0,60.0,116641.83682411708,1665.0600297958113,0 days 00:00:00.000633,0 days 00:00:00.001162,0 days 00:00:00.005138,0 days 00:00:00.000003,0 days 00:00:00.010100,0 days 00:00:00.001122,0 days 00:00:00.001579,0 days 00:00:00.005148,0 days 00:00:00.000003,0 days 00:00:00.011097,0 days 00:00:00.001387,0 days 00:00:00.001444,0 days 00:00:00.005147,0 days 00:00:00.000235
57,172.22.66.21,102,172.22.66.10,56965,TCP,2024-05-31 12:00:32.825057,0 days 00:00:02.000125,4,2,400,122.0,100.0,40.0,140,60,61.0,0.0,61.0,61.0,260.98368851946753,2.999812511718017,0 days 00:00:00.400025,0 days 00:00:00.799119,0 days 00:00:01.998264,0 days 00:00:00.000011,0 days 00:00:02.000125,0 days 00:00:00.666708,0 days 00:00:00.941552,0 days 00:00:01.998264,0 days 00:00:00.000900,0 days 00:00:01.999224,0 days 00:00:01.999224,0 days 00:00:00,0 days 00:00:01.999224,0 days 00:00:01.999224
58,172.22.66.10,57750,224.0.0.252,5355,UDP,2024-05-31 12:00:33.108386,0 days 00:00:00.410561,2,0,132,0.0,66.0,0.0,66,66,,,,,321.511297955724,4.871383302359455,0 days 00:00:00.410561,0 days 00:00:00,0 days 00:00:00.410561,0 days 00:00:00.410561,0 days 00:00:00.410561,0 days 00:00:00.410561,0 days 00:00:00,0 days 00:00:00.410561,0 days 00:00:00.410561,,,,,
59,172.22.66.10,59211,224.0.0.252,5355,UDP,2024-05-31 12:00:33.108414,0 days 00:00:00.410540,2,0,132,0.0,66.0,0.0,66,66,,,,,321.5277439469966,4.871632484045404,0 days 00:00:00.410540,0 days 00:00:00,0 days 00:00:00.410540,0 days 00:00:00.410540,0 days 00:00:00.410540,0 days 00:00:00.410540,0 days 00:00:00,0 days 00:00:00.410540,0 days 00:00:00.410540,,,,,
60,172.22.66.10,50436,224.0.0.252,5355,UDP,2024-05-31 12:00:33.108419,0 days 00:00:00.410542,2,0,132,0.0,66.0,0.0,66,66,,,,,321.52617758962543,4.871608751357961,0 days 00:00:00.410542,0 days 00:00:00,0 days 00:00:00.410542,0 days 00:00:00.410542,0 days 00:00:00.410542,0 days 00:00:00.410542,0 days 00:00:00,0 days 00:00:00.410542,0 days 00:00:00.410542,,,,,
61,172.22.66.10,51981,224.0.0.252,5355,UDP,2024-05-31 12:00:33.108423,0 days 00:00:00.410535,2,0,132,0.0,66.0,0.0,66,66,,,,,321.5316599071943,4.871691816775671,0 days 00:00:00.410535,0 days 00:00:00,0 days 00:00:00.410535,0 days 00:00:00.410535,0 days 00:00:00.410535,0 days 00:00:00.410535,0 days 00:00:00,0 days 00:00:00.410535,0 days 00:00:00.410535,,,,,
62,172.22.66.10,65095,224.0.0.252,5355,UDP,2024-05-31 12:00:33.108576,0 days 00:00:00.410343,2,0,132,0.0,66.0,0.0,66,66,,,,,321.6821049707196,4.873971287435146,0 days 00:00:00.410343,0 days 00:00:00,0 days 00:00:00.410343,0 days 00:00:00.410343,0 days 00:00:00.410343,0 days 00:00:00.410343,0 days 00:00:00,0 days 00:00:00.410343,0 days 00:00:00.410343,,,,,
63,172.22.66.10,62358,224.0.0.252,5355,UDP,2024-05-31 12:00:33.108588,0 days 00:00:00.410355,2,0,132,0.0,66.0,0.0,66,66,,,,,321.6726980297547,4.873828758026586,0 days 00:00:00.410355,0 days 00:00:00,0 days 00:00:00.410355,0 days 00:00:00.410355,0 days 00:00:00.410355,0 days 00:00:00.410355,0 days 00:00:00,0 days 00:00:00.410355,0 days 00:00:00.410355,,,,,
64,172.22.66.10,49922,224.0.0.252,5355,UDP,2024-05-31 12:00:33.108591,0 days 00:00:00.410360,2,0,132,0.0,66.0,0.0,66,66,,,,,321.66877863339505,4.873769373233259,0 days 00:00:00.410360,0 days 00:00:00,0 days 00:00:00.410360,0 days 00:00:00.410360,0 days 00:00:00.410360,0 days 00:00:00.410360,0 days 00:00:00,0 days 00:00:00.410360,0 days 00:00:00.410360,,,,,
65,172.22.66.10,59754,224.0.0.252,5355,UDP,2024-05-31 12:00:33.108911,0 days 00:00:00.410079,2,0,130,0.0,65.0,0.0,65,65,,,,,317.0120879147676,4.8771090448425785,0 days 00:00:00.410079,0 days 00:00:00,0 days 00:00:00.410079,0 days 00:00:00.410079,0 days 00:00:00.410079,0 days 00:00:00.410079,0 days 00:00:00,0 days 00:00:00.410079,0 days 00:00:00.410079,,,,,
66,172.22.66.10,57879,224.0.0.252,5355,UDP,2024-05-31 12:00:33.109210,0 days 00:00:00.409754,2,0,132,0.0,66.0,0.0,66,66,,,,,322.14450621592465,4.88097736690795,0 days 00:00:00.409754,0 days 00:00:00,0 days 00:00:00.409754,0 days 00:00:00.409754,0 days 00:00:00.409754,0 days 00:00:00.409754,0 days 00:00:00,0 days 00:00:00.409754,0 days 00:00:00.409754,,,,,
67,172.22.66.10,56314,224.0.0.252,5355,UDP,2024-05-31 12:00:33.109222,0 days 00:00:00.410575,2,0,132,0.0,66.0,0.0,66,66,,,,,321.50033489618215,4.871217195396699,0 days 00:00:00.410575,0 days 00:00:00,0 days 00:00:00.410575,0 days 00:00:00.410575,0 days 00:00:00.410575,0 days 00:00:00.410575,0 days 00:00:00,0 days 00:00:00.410575,0 days 00:00:00.410575,,,,,
68,172.22.66.10,51087,224.0.0.252,5355,UDP,2024-05-31 12:00:33.109225,0 days 00:00:00.410567,2,0,132,0.0,66.0,0.0,66,66,,,,,321.5065994100841,4.871312112274001,0 days 00:00:00.410567,0 days 00:00:00,0 days 00:00:00.410567,0 days 00:00:00.410567,0 days 00:00:00.410567,0 days 00:00:00.410567,0 days 00:00:00,0 days 00:00:00.410567,0 days 00:00:00.410567,,,,,
69,172.22.66.10,53423,224.0.0.252,5355,UDP,2024-05-31 12:00:33.109229,0 days 00:00:00.410617,2,0,132,0.0,66.0,0.0,66,66,,,,,321.4674502029872,4.870718942469503,0 days 00:00:00.410617,0 days 00:00:00,0 days 00:00:00.410617,0 days 00:00:00.410617,0 days 00:00:00.410617,0 days 00:00:00.410617,0 days 00:00:00,0 days 00:00:00.410617,0 days 00:00:00.410617,,,,,
70,172.22.66.10,59081,224.0.0.252,5355,UDP,2024-05-31 12:00:33.109413,0 days 00:00:00.410401,2,0,132,0.0,66.0,0.0,66,66,,,,,321.63664318556727,4.8732824725085955,0 days 00:00:00.410401,0 days 00:00:00,0 days 00:00:00.410401,0 days 00:00:00.410401,0 days 00:00:00.410401,0 days 00:00:00.410401,0 days 00:00:00,0 days 00:00:00.410401,0 days 00:00:00.410401,,,,,
71,172.22.66.10,58457,224.0.0.252,5355,UDP,2024-05-31 12:00:33.109429,0 days 00:00:00.410371,2,0,132,0.0,66.0,0.0,66,66,,,,,321.66015629759414,4.873638731781729,0 days 00:00:00.410371,0 days 00:00:00,0 days 00:00:00.410371,0 days 00:00:00.410371,0 days 00:00:00.410371,0 days 00:00:00.410371,0 days 00:00:00,0 days 00:00:00.410371,0 days 00:00:00.410371,,,,,
72,172.22.66.10,55651,224.0.0.252,5355,UDP,2024-05-31 12:00:33.109432,0 days 00:00:00.410372,2,0,132,0.0,66.0,0.0,66,66,,,,,321.6593724718061,4.873626855633425,0 days 00:00:00.410372,0 days 00:00:00,0 days 00:00:00.410372,0 days 00:00:00.410372,0 days 00:00:00.410372,0 days 00:00:00.410372,0 days 00:00:00,0 days 00:00:00.410372,0 days 00:00:00.410372,,,,,
73,172.22.66.10,65424,224.0.0.252,5355,UDP,2024-05-31 12:00:33.109677,0 days 00:00:00.410130,2,0,132,0.0,66.0,0.0,66,66,,,,,321.8491697754371,4.876502572355107,0 days 00:00:00.410130,0 days 00:00:00,0 days 00:00:00.410130,0 days 00:00:00.410130,0 days 00:00:00.410130,0 days 00:00:00.410130,0 days 00:00:00,0 days 00:00:00.410130,0 days 00:00:00.410130,,,,,
74,172.22.66.10,54487,224.0.0.252,5355,UDP,2024-05-31 12:00:33.109690,0 days 00:00:00.410120,2,0,132,0.0,66.0,0.0,66,66,,,,,321.8570174583049,4.876621476640984,0 days 00:00:00.410120,0 days 00:00:00,0 days 00:00:00.410120,0 days 00:00:00.410120,0 days 00:00:00.410120,0 days 00:00:00.410120,0 days 00:00:00,0 days 00:00:00.410120,0 days 00:00:00.410120,,,,,
75,172.22.66.24,102,172.22.66.10,50239,TCP,2024-05-31 12:00:34.898286,0 days 00:00:00.333969,2,2,120,120.0,60.0,0.0,60,60,60.0,0.0,60.0,60.0,718.6295734035194,11.977159556725324,0 days 00:00:00.111323,0 days 00:00:00.155954,0 days 00:00:00.331876,0 days 00:00:00.000794,0 days 00:00:00.333969,0 days 00:00:00.333969,0 days 00:00:00,0 days 00:00:00.333969,0 days 00:00:00.333969,0 days 00:00:00.331876,0 days 00:00:00.331876,0 days 00:00:00,0 days 00:00:00.331876,0 days 00:00:00.331876
76,172.22.66.50,64721,239.255.255.250,1900,UDP,2024-05-31 12:00:37.096435,0 days 00:00:03.031353,4,0,868,0.0,217.0,0.0,217,217,,,,,286.3407857811347,1.3195427916181321,0 days 00:00:01.010451,0 days 00:00:00.003092,0 days 00:00:01.013925,0 days 00:00:01.006414,0 days 00:00:03.031353,0 days 00:00:01.010451,0 days 00:00:00.003092,0 days 00:00:01.013925,0 days 00:00:01.006414,,,,,
77,172.22.66.10,57117,224.0.0.252,5355,UDP,2024-05-31 12:00:39.444230,0 days 00:00:00.409562,2,0,132,0.0,66.0,0.0,66,66,,,,,322.2955254637882,4.883265537330123,0 days 00:00:00.409562,0 days 00:00:00,0 days 00:00:00.409562,0 days 00:00:00.409562,0 days 00:00:00.409562,0 days 00:00:00.409562,0 days 00:00:00,0 days 00:00:00.409562,0 days 00:00:00.409562,,,,,
78,172.22.66.10,60017,224.0.0.252,5355,UDP,2024-05-31 12:00:39.444235,0 days 00:00:00.409569,2,0,132,0.0,66.0,0.0,66,66,,,,,322.29001706672136,4.883182076768505,0 days 00:00:00.409569,0 days 00:00:00,0 days 00:00:00.409569,0 days 00:00:00.409569,0 days 00:00:00.409569,0 days 00:00:00.409569,0 days 00:00:00,0 days 00:00:00.409569,0 days 00:00:00.409569,,,,,
79,172.22.66.10,59686,224.0.0.252,5355,UDP,2024-05-31 12:00:39.444404,0 days 00:00:00.409396,2,0,132,0.0,66.0,0.0,66,66,,,,,322.4262083654946,4.885245581295372,0 days 00:00:00.409396,0 days 00:00:00,0 days 00:00:00.409396,0 days 00:00:00.409396,0 days 00:00:00.409396,0 days 00:00:00.409396,0 days 00:00:00,0 days 00:00:00.409396,0 days 00:00:00.409396,,,,,
80,172.22.66.10,65223,224.0.0.252,5355,UDP,2024-05-31 12:00:39.444415,0 days 00:00:00.409393,2,0,132,0.0,66.0,0.0,66,66,,,,,322.42857107962277,4.885281379994284,0 days 00:00:00.409393,0 days 00:00:00,0 days 00:00:00.409393,0 days 00:00:00.409393,0 days 00:00:00.409393,0 days 00:00:00.409393,0 days 00:00:00,0 days 00:00:00.409393,0 days 00:00:00.409393,,,,,
81,172.22.66.10,49813,224.0.0.252,5355,UDP,2024-05-31 12:00:39.444709,0 days 00:00:00.410164,2,0,132,0.0,66.0,0.0,66,66,,,,,321.82249051598876,4.876098341151344,0 days 00:00:00.410164,0 days 00:00:00,0 days 00:00:00.410164,0 days 00:00:00.410164,0 days 00:00:00.410164,0 days 00:00:00.410164,0 days 00:00:00,0 days 00:00:00.410164,0 days 00:00:00.410164,,,,,
82,172.22.66.10,58445,224.0.0.252,5355,UDP,2024-05-31 12:00:39.444722,0 days 00:00:00.410148,2,0,132,0.0,66.0,0.0,66,66,,,,,321.8350449106176,4.876288559251782,0 days 00:00:00.410148,0 days 00:00:00,0 days 00:00:00.410148,0 days 00:00:00.410148,0 days 00:00:00.410148,0 days 00:00:00.410148,0 days 00:00:00,0 days 00:00:00.410148,0 days 00:00:00.410148,,,,,
83,172.22.66.10,49481,224.0.0.252,5355,UDP,2024-05-31 12:00:39.445220,0 days 00:00:00.409637,2,0,130,0.0,65.0,0.0,65,65,,,,,317.3541452554335,4.882371465468207,0 days 00:00:00.409637,0 days 00:00:00,0 days 00:00:00.409637,0 days 00:00:00.409637,0 days 00:00:00.409637,0 days 00:00:00.409637,0 days 00:00:00,0 days 00:00:00.409637,0 days 00:00:00.409637,,,,,
84,0.0.0.0,68,255.255.255.255,67,UDP,2024-05-31 12:00:40.001851,0 days 00:00:00,1,0,331,0.0,331.0,0.0,331,331,,,,,,,,,,,,,,,,,,,,
85,172.22.66.10,50294,172.22.66.23,102,TCP,2024-05-31 12:00:40.211784,0 days 00:00:00.010888,10,9,700,631.0,70.0,12.00833044182246,93,60,70.11111111111111,11.713661961283067,87.0,60.0,122244.67303453344,1745.0404114621601,0 days 00:00:00.000604,0 days 00:00:00.001097,0 days 00:00:00.004794,0 days 00:00:00.000003,0 days 00:00:00.009898,0 days 00:00:00.001099,0 days 00:00:00.001498,0 days 00:00:00.004804,0 days 00:00:00.000003,0 days 00:00:00.010639,0 days 00:00:00.001329,0 days 00:00:00.001353,0 days 00:00:00.004805,0 days 00:00:00.000011
86,172.22.66.21,102,172.22.66.10,56956,TCP,2024-05-31 12:00:40.223783,0 days 00:00:00.269573,2,2,120,120.0,60.0,0.0,60,60,60.0,0.0,60.0,60.0,890.2968769127472,14.83828128187912,0 days 00:00:00.089857,0 days 00:00:00.126336,0 days 00:00:00.268524,0 days 00:00:00.000208,0 days 00:00:00.269573,0 days 00:00:00.269573,0 days 00:00:00,0 days 00:00:00.269573,0 days 00:00:00.269573,0 days 00:00:00.268524,0 days 00:00:00.268524,0 days 00:00:00,0 days 00:00:00.268524,0 days 00:00:00.268524
87,172.22.66.10,51912,224.0.0.252,5355,UDP,2024-05-31 12:00:41.858777,0 days 00:00:00.409574,2,0,132,0.0,66.0,0.0,66,66,,,,,322.28608261266584,4.88312246382827,0 days 00:00:00.409574,0 days 00:00:00,0 days 00:00:00.409574,0 days 00:00:00.409574,0 days 00:00:00.409574,0 days 00:00:00.409574,0 days 00:00:00,0 days 00:00:00.409574,0 days 00:00:00.409574,,,,,
88,172.22.66.10,50214,224.0.0.252,5355,UDP,2024-05-31 12:00:41.858966,0 days 00:00:00.409392,2,0,132,0.0,66.0,0.0,66,66,,,,,322.4293586586939,4.885293313010513,0 days 00:00:00.409392,0 days 00:00:00,0 days 00:00:00.409392,0 days 00:00:00.409392,0 days 00:00:00.409392,0 days 00:00:00.409392,0 days 00:00:00,0 days 00:00:00.409392,0 days 00:00:00.409392,,,,,
89,172.22.66.10,60445,224.0.0.252,5355,UDP,2024-05-31 12:00:41.858979,0 days 00:00:00.409356,2,0,132,0.0,66.0,0.0,66,66,,,,,322.45771406795063,4.885722940423494,0 days 00:00:00.409356,0 days 00:00:00,0 days 00:00:00.409356,0 days 00:00:00.409356,0 days 00:00:00.409356,0 days 00:00:00.409356,0 days 00:00:00,0 days 00:00:00.409356,0 days 00:00:00.409356,,,,,
90,172.22.66.10,50295,224.0.0.252,5355,UDP,2024-05-31 12:00:41.858983,0 days 00:00:00.409378,2,0,132,0.0,66.0,0.0,66,66,,,,,322.44038516969647,4.885460381359037,0 days 00:00:00.409378,0 days 00:00:00,0 days 00:00:00.409378,0 days 00:00:00.409378,0 days 00:00:00.409378,0 days 00:00:00.409378,0 days 00:00:00,0 days 00:00:00.409378,0 days 00:00:00.409378,,,,,
91,172.22.66.10,51854,224.0.0.252,5355,UDP,2024-05-31 12:00:41.858987,0 days 00:00:00.409367,2,0,132,0.0,66.0,0.0,66,66,,,,,322.4490493860033,4.885591657363686,0 days 00:00:00.409367,0 days 00:00:00,0 days 00:00:00.409367,0 days 00:00:00.409367,0 days 00:00:00.409367,0 days 00:00:00.409367,0 days 00:00:00,0 days 00:00:00.409367,0 days 00:00:00.409367,,,,,
92,172.22.66.10,51953,224.0.0.252,5355,UDP,2024-05-31 12:00:41.858990,0 days 00:00:00.409375,2,0,132,0.0,66.0,0.0,66,66,,,,,322.44274809160305,4.885496183206107,0 days 00:00:00.409375,0 days 00:00:00,0 days 00:00:00.409375,0 days 00:00:00.409375,0 days 00:00:00.409375,0 days 00:00:00.409375,0 days 00:00:00,0 days 00:00:00.409375,0 days 00:00:00.409375,,,,,
93,172.22.66.10,57916,224.0.0.252,5355,UDP,2024-05-31 12:00:41.859243,0 days 00:00:00.410075,2,0,130,0.0,65.0,0.0,65,65,,,,,317.01518014997254,4.8771566176918855,0 days 00:00:00.410075,0 days 00:00:00,0 days 00:00:00.410075,0 days 00:00:00.410075,0 days 00:00:00.410075,0 days 00:00:00.410075,0 days 00:00:00,0 days 00:00:00.410075,0 days 00:00:00.410075,,,,,
94,172.22.66.10,50238,224.0.0.252,5355,UDP,2024-05-31 12:00:41.859257,0 days 00:00:00.410065,2,0,132,0.0,66.0,0.0,66,66,,,,,321.9001865557899,4.877275553875605,0 days 00:00:00.410065,0 days 00:00:00,0 days 00:00:00.410065,0 days 00:00:00.410065,0 days 00:00:00.410065,0 days 00:00:00.410065,0 days 00:00:00,0 days 00:00:00.410065,0 days 00:00:00.410065,,,,,
95,172.22.66.10,53415,224.0.0.252,5355,UDP,2024-05-31 12:00:41.859476,0 days 00:00:00.409856,2,0,132,0.0,66.0,0.0,66,66,,,,,322.06433479075577,4.8797626483447845,0 days 00:00:00.409856,0 days 00:00:00,0 days 00:00:00.409856,0 days 00:00:00.409856,0 days 00:00:00.409856,0 days 00:00:00.409856,0 days 00:00:00,0 days 00:00:00.409856,0 days 00:00:00.409856,,,,,
96,172.22.66.10,55423,224.0.0.252,5355,UDP,2024-05-31 12:00:41.859481,0 days 00:00:00.409844,2,0,132,0.0,66.0,0.0,66,66,,,,,322.07376465191635,4.879905525029035,0 days 00:00:00.409844,0 days 00:00:00,0 days 00:00:00.409844,0 days 00:00:00.409844,0 days 00:00:00.409844,0 days 00:00:00.409844,0 days 00:00:00,0 days 00:00:00.409844,0 days 00:00:00.409844,,,,,
97,172.22.66.10,53899,224.0.0.252,5355,UDP,2024-05-31 12:00:41.859692,0 days 00:00:00.409636,2,0,132,0.0,66.0,0.0,66,66,,,,,322.2373033620092,4.882383384272867,0 days 00:00:00.409636,0 days 00:00:00,0 days 00:00:00.409636,0 days 00:00:00.409636,0 days 00:00:00.409636,0 days 00:00:00.409636,0 days 00:00:00,0 days 00:00:00.409636,0 days 00:00:00.409636,,,,,
98,172.22.66.10,65003,224.0.0.252,5355,UDP,2024-05-31 12:00:41.859936,0 days 00:00:00.409369,2,0,132,0.0,66.0,0.0,66,66,,,,,322.44747403931416,4.885567788474457,0 days 00:00:00.409369,0 days 00:00:00,0 days 00:00:00.409369,0 days 00:00:00.409369,0 days 00:00:00.409369,0 days 00:00:00.409369,0 days 00:00:00,0 days 00:00:00.409369,0 days 00:00:00.409369,,,,,
99,172.22.66.10,62687,224.0.0.252,5355,UDP,2024-05-31 12:00:48.438936,0 days 00:00:00.409998,2,0,130,0.0,65.0,0.0,65,65,,,,,317.07471743764603,4.8780725759637855,0 days 00:00:00.409998,0 days 00:00:00,0 days 00:00:00.409998,0 days 00:00:00.409998,0 days 00:00:00.409998,0 days 00:00:00.409998,0 days 00:00:00,0 days 00:00:00.409998,0 days 00:00:00.409998,,,,,
100,172.22.66.10,50028,224.0.0.252,5355,UDP,2024-05-31 12:00:48.443381,0 days 00:00:00.410366,2,0,132,0.0,66.0,0.0,66,66,,,,,321.66407548383637,4.87369811339146,0 days 00:00:00.410366,0 days 00:00:00,0 days 00:00:00.410366,0 days 00:00:00.410366,0 days 00:00:00.410366,0 days 00:00:00.410366,0 days 00:00:00,0 days 00:00:00.410366,0 days 00:00:00.410366,,,,,
101,172.22.66.10,63188,224.0.0.252,5355,UDP,2024-05-31 12:00:48.444511,0 days 00:00:00.410224,2,0,132,0.0,66.0,0.0,66,66,,,,,321.7754202582004,4.875385155427279,0 days 00:00:00.410224,0 days 00:00:00,0 days 00:00:00.410224,0 days 00:00:00.410224,0 days 00:00:00.410224,0 days 00:00:00.410224,0 days 00:00:00,0 days 00:00:00.410224,0 days 00:00:00.410224,,,,,
102,172.22.66.10,50645,224.0.0.252,5355,UDP,2024-05-31 12:00:48.445029,0 days 00:00:00.409715,2,0,132,0.0,66.0,0.0,66,66,,,,,322.1751705453791,4.881441977960289,0 days 00:00:00.409715,0 days 00:00:00,0 days 00:00:00.409715,0 days 00:00:00.409715,0 days 00:00:00.409715,0 days 00:00:00.409715,0 days 00:00:00,0 days 00:00:00.409715,0 days 00:00:00.409715,,,,,
103,172.22.66.10,61105,224.0.0.252,5355,UDP,2024-05-31 12:00:48.445033,0 days 00:00:00.409707,2,0,132,0.0,66.0,0.0,66,66,,,,,322.18146138581966,4.88153729372454,0 days 00:00:00.409707,0 days 00:00:00,0 days 00:00:00.409707,0 days 00:00:00.409707,0 days 00:00:00.409707,0 days 00:00:00.409707,0 days 00:00:00,0 days 00:00:00.409707,0 days 00:00:00.409707,,,,,
104,172.22.66.10,60393,224.0.0.252,5355,UDP,2024-05-31 12:00:48.445260,0 days 00:00:00.410521,2,0,132,0.0,66.0,0.0,66,66,,,,,321.54262510322246,4.871857956109431,0 days 00:00:00.410521,0 days 00:00:00,0 days 00:00:00.410521,0 days 00:00:00.410521,0 days 00:00:00.410521,0 days 00:00:00.410521,0 days 00:00:00,0 days 00:00:00.410521,0 days 00:00:00.410521,,,,,
105,172.22.66.10,61174,224.0.0.252,5355,UDP,2024-05-31 12:00:48.446302,0 days 00:00:00.410602,2,0,132,0.0,66.0,0.0,66,66,,,,,321.4791939639846,4.87089687824219,0 days 00:00:00.410602,0 days 00:00:00,0 days 00:00:00.410602,0 days 00:00:00.410602,0 days 00:00:00.410602,0 days 00:00:00.410602,0 days 00:00:00,0 days 00:00:00.410602,0 days 00:00:00.410602,,,,,
106,172.22.66.10,50303,172.22.66.23,102,TCP,2024-05-31 12:00:48.964334,0 days 00:00:00.011413,10,9,700,631.0,70.0,12.00833044182246,93,60,70.11111111111111,11.713661961283067,87.0,60.0,116621.39665293964,1664.768246736178,0 days 00:00:00.000634,0 days 00:00:00.001159,0 days 00:00:00.005225,0 days 00:00:00.000003,0 days 00:00:00.010068,0 days 00:00:00.001118,0 days 00:00:00.001582,0 days 00:00:00.005233,0 days 00:00:00.000003,0 days 00:00:00.011035,0 days 00:00:00.001379,0 days 00:00:00.001467,0 days 00:00:00.005230,0 days 00:00:00.000442
107,172.22.66.10,53830,224.0.0.252,5355,UDP,2024-05-31 12:00:50.606108,0 days 00:00:00.409665,2,0,132,0.0,66.0,0.0,66,66,,,,,322.21449232909816,4.882037762562093,0 days 00:00:00.409665,0 days 00:00:00,0 days 00:00:00.409665,0 days 00:00:00.409665,0 days 00:00:00.409665,0 days 00:00:00.409665,0 days 00:00:00,0 days 00:00:00.409665,0 days 00:00:00.409665,,,,,
108,172.22.66.10,64240,224.0.0.252,5355,UDP,2024-05-31 12:00:50.606114,0 days 00:00:00.409648,2,0,132,0.0,66.0,0.0,66,66,,,,,322.2278639221966,4.882240362457525,0 days 00:00:00.409648,0 days 00:00:00,0 days 00:00:00.409648,0 days 00:00:00.409648,0 days 00:00:00.409648,0 days 00:00:00.409648,0 days 00:00:00,0 days 00:00:00.409648,0 days 00:00:00.409648,,,,,
109,172.22.66.10,64047,224.0.0.252,5355,UDP,2024-05-31 12:00:50.606294,0 days 00:00:00.409472,2,0,132,0.0,66.0,0.0,66,66,,,,,322.3663644889028,4.884338855892467,0 days 00:00:00.409472,0 days 00:00:00,0 days 00:00:00.409472,0 days 00:00:00.409472,0 days 00:00:00.409472,0 days 00:00:00.409472,0 days 00:00:00,0 days 00:00:00.409472,0 days 00:00:00.409472,,,,,
110,172.22.66.10,54440,224.0.0.252,5355,UDP,2024-05-31 12:00:50.606522,0 days 00:00:00.409232,2,0,132,0.0,66.0,0.0,66,66,,,,,322.55542088595223,4.887203346756852,0 days 00:00:00.409232,0 days 00:00:00,0 days 00:00:00.409232,0 days 00:00:00.409232,0 days 00:00:00.409232,0 days 00:00:00.409232,0 days 00:00:00,0 days 00:00:00.409232,0 days 00:00:00.409232,,,,,
111,172.22.66.10,54229,224.0.0.252,5355,UDP,2024-05-31 12:00:50.606537,0 days 00:00:00.409232,2,0,132,0.0,66.0,0.0,66,66,,,,,322.55542088595223,4.887203346756852,0 days 00:00:00.409232,0 days 00:00:00,0 days 00:00:00.409232,0 days 00:00:00.409232,0 days 00:00:00.409232,0 days 00:00:00.409232,0 days 00:00:00,0 days 00:00:00.409232,0 days 00:00:00.409232,,,,,
112,172.22.66.10,52195,224.0.0.252,5355,UDP,2024-05-31 12:00:50.606768,0 days 00:00:00.409960,2,0,132,0.0,66.0,0.0,66,66,,,,,321.98263245194653,4.878524734120402,0 days 00:00:00.409960,0 days 00:00:00,0 days 00:00:00.409960,0 days 00:00:00.409960,0 days 00:00:00.409960,0 days 00:00:00.409960,0 days 00:00:00,0 days 00:00:00.409960,0 days 00:00:00.409960,,,,,
113,172.22.66.10,52731,224.0.0.252,5355,UDP,2024-05-31 12:00:50.607061,0 days 00:00:00.409681,2,0,132,0.0,66.0,0.0,66,66,,,,,322.2019083140297,4.8818470956671165,0 days 00:00:00.409681,0 days 00:00:00,0 days 00:00:00.409681,0 days 00:00:00.409681,0 days 00:00:00.409681,0 days 00:00:00.409681,0 days 00:00:00,0 days 00:00:00.409681,0 days 00:00:00.409681,,,,,
114,172.22.66.10,50569,224.0.0.252,5355,UDP,2024-05-31 12:00:50.607075,0 days 00:00:00.409664,2,0,132,0.0,66.0,0.0,66,66,,,,,322.21527886267774,4.882049679737541,0 days 00:00:00.409664,0 days 00:00:00,0 days 00:00:00.409664,0 days 00:00:00.409664,0 days 00:00:00.409664,0 days 00:00:00.409664,0 days 00:00:00,0 days 00:00:00.409664,0 days 00:00:00.409664,,,,,
115,172.22.66.10,64700,224.0.0.252,5355,UDP,2024-05-31 12:00:50.607079,0 days 00:00:00.409656,2,0,132,0.0,66.0,0.0,66,66,,,,,322.22157126955295,4.882145019235651,0 days 00:00:00.409656,0 days 00:00:00,0 days 00:00:00.409656,0 days 00:00:00.409656,0 days 00:00:00.409656,0 days 00:00:00.409656,0 days 00:00:00,0 days 00:00:00.409656,0 days 00:00:00.409656,,,,,
116,172.22.66.10,59058,224.0.0.252,5355,UDP,2024-05-31 12:00:50.607340,0 days 00:00:00.409392,2,0,132,0.0,66.0,0.0,66,66,,,,,322.4293586586939,4.885293313010513,0 days 00:00:00.409392,0 days 00:00:00,0 days 00:00:00.409392,0 days 00:00:00.409392,0 days 00:00:00.409392,0 days 00:00:00.409392,0 days 00:00:00,0 days 00:00:00.409392,0 days 00:00:00.409392,,,,,
117,172.22.66.10,59751,224.0.0.252,5355,UDP,2024-05-31 12:00:50.607353,0 days 00:00:00.409358,2,0,132,0.0,66.0,0.0,66,66,,,,,322.4561386365968,4.885699070251467,0 days 00:00:00.409358,0 days 00:00:00,0 days 00:00:00.409358,0 days 00:00:00.409358,0 days 00:00:00.409358,0 days 00:00:00.409358,0 days 00:00:00,0 days 00:00:00.409358,0 days 00:00:00.409358,,,,,
118,172.22.66.10,54537,224.0.0.252,5355,UDP,2024-05-31 12:00:50.607750,0 days 00:00:00.409940,2,0,130,0.0,65.0,0.0,65,65,,,,,317.11957847489873,4.878762745767673,0 days 00:00:00.409940,0 days 00:00:00,0 days 00:00:00.409940,0 days 00:00:00.409940,0 days 00:00:00.409940,0 days 00:00:00.409940,0 days 00:00:00,0 days 00:00:00.409940,0 days 00:00:00.409940,,,,,
